{
  "completed": 124501.0,
  "failed": 0.0,
  "p50_latency": 0.1999999999999993,
  "p95_latency": 0.20000000000000107,
  "p99_latency": 0.20000000000000107,
  "success_rate": 1.0,
  "time_unit": "second"
}